X,Y,Test or train,Raw prediction,Cumulative prediction,Cloglog prediction
1.0,1.0,train,0.01014521082161916,98.9044613191992,0.9999906692877204
4.0,4.0,train,7.275690837189585E-4,38.55059666999557,0.5642224859418474
6.0,6.0,train,0.0022308692670452612,71.91177126293702,0.9216723137383965
7.0,7.0,train,0.001682660957788246,60.08499473216497,0.853539057847015
9.0,9.0,train,5.46779507546618E-4,32.75603351351858,0.46432437253608394
11.0,11.0,train,0.001139835339029126,48.43425863024058,0.7278178981122655
12.0,12.0,train,0.001563674524133221,57.80296866169867,0.8322292101702189
13.0,13.0,train,2.268566760946258E-4,15.842743972230169,0.22816857872845353
14.0,14.0,train,0.0025261793508781685,76.92932715129,0.9440889114043806
15.0,15.0,train,0.0012491733641626392,51.080390047631504,0.7597580721819045
16.0,16.0,train,0.0011993026147856206,49.85745913695897,0.74568313427974
17.0,17.0,train,0.0031726551141400784,84.88375379708826,0.97327180997516
18.0,18.0,train,0.0021365086494882827,70.15738812283779,0.9127631196974333
19.0,19.0,train,0.0034751450538093617,86.8741796415495,0.9810768965163806
20.0,20.0,train,0.0029974016440908373,83.32178639587495,0.9673516099849293
21.0,21.0,train,0.0018726781350821915,64.54554227624108,0.8821011341306922
22.0,22.0,train,0.0021293842729930347,69.94390576648497,0.9120506862447585
23.0,23.0,train,9.657723157211579E-4,44.8422415729,0.6679820612096109
24.0,24.0,train,0.001777014945358511,63.01699943372174,0.868495600495301
25.0,25.0,train,0.0013261052970060974,52.36148228644339,0.7799581579827889
26.0,26.0,train,0.0014984334700006764,56.270316191280344,0.8192561868158219
2.0,2.0,test,2.2705185146313451E-4,15.852011949030087,0.22834053936048115
3.0,3.0,test,3.0340972933904996E-4,20.418295448391596,0.2927600671296898
5.0,5.0,test,5.104768979801525E-4,31.607689869024007,0.4416570437214482
8.0,8.0,test,0.0010392690334808164,46.187461068986025,0.6947039208683933
10.0,10.0,test,0.0014334647028352555,55.292520989952855,0.8053405331896606
