X,Y,Test or train,Raw prediction,Cumulative prediction,Cloglog prediction
1.0,1.0,train,0.0014316488332926116,45.39556822619153,0.6586197355060436
2.0,2.0,train,7.862771942895003E-4,19.767261975226077,0.4458218085087251
3.0,3.0,train,0.002007562526861484,66.96834035953587,0.7784494572239564
4.0,4.0,train,0.001394854159546424,43.319374636530114,0.6490585979401253
5.0,5.0,train,0.0020941595389613542,70.05576888491389,0.7923941788476154
6.0,6.0,train,0.002847153540040705,84.22881033086783,0.8820384954134243
7.0,7.0,train,0.0010881956916441854,29.429819465514186,0.5582111944897721
8.0,8.0,train,0.0024678969404528677,79.47911476254131,0.8431842681408391
10.0,10.0,train,0.0016459532315625414,51.55164527392852,0.7093511694536908
12.0,12.0,train,0.00332253697290505,87.328896171017,0.917443614436484
13.0,13.0,train,0.004940770230869235,99.37090988757303,0.9755005228977042
14.0,14.0,train,0.002987335972738221,85.1209221776216,0.8938215172705237
16.0,16.0,train,0.0021358142814656865,71.54206415457138,0.7987857202527376
17.0,17.0,train,0.0023028093107272597,77.11030596342391,0.82249390156474
9.0,9.0,test,0.0018096477637323891,60.550341670046095,0.7429609405151429
11.0,11.0,test,0.0019580273872404916,65.63136563939715,0.7700556204772977
15.0,15.0,test,0.001971992767080582,66.00909103391622,0.772453764510062
