X,Y,Test or train,Raw prediction,Cumulative prediction,Cloglog prediction
1.0,1.0,train,0.001402370381079252,43.15394236078113,0.6609947678499206
2.0,2.0,train,7.56799252597046E-4,19.263855617614073,0.44220770776948903
3.0,3.0,train,0.0020195369294416904,69.17124127916102,0.7894012359609479
5.0,5.0,train,0.0019979848317582993,68.76941449542582,0.7858708645958685
6.0,6.0,train,0.002662389400604646,85.4348183223413,0.8717372758188254
7.0,7.0,train,0.0012278385095327493,36.86450009100435,0.6121404239025985
8.0,8.0,train,0.0024972303756637796,82.32779569306982,0.8543103578177895
9.0,9.0,train,0.001874157791703258,64.13674312902673,0.7644094969098539
10.0,10.0,train,0.0016834874279914875,53.64847504671417,0.7270819331885479
11.0,11.0,train,0.002000204256626873,68.81079442835774,0.786237137308049
13.0,13.0,train,0.004407883270840213,98.53949074501683,0.9666296617308188
14.0,14.0,train,0.002895122848664972,87.40721470656528,0.8928147971887235
15.0,15.0,train,0.0020298651148159663,69.57639028161316,0.7910723691893164
16.0,16.0,train,0.002168614152245863,73.80210047065876,0.8122780748807631
4.0,4.0,test,0.0013910346985577234,42.4349652685511,0.6580175251655613
12.0,12.0,test,0.003230474071062158,90.46606245376368,0.9172453723331282
17.0,17.0,test,0.002321291802067264,79.68270807257132,0.8331339295708282
