X,Y,Test or train,Raw prediction,Cumulative prediction,Cloglog prediction
1.0,1.0,train,0.0018444426441246264,52.056835321820685,0.7305593079980436
2.0,2.0,train,8.412731602333924E-4,21.207496186987093,0.4501715641634846
3.0,3.0,train,0.002368111188938603,72.79094926912464,0.8143213263147938
4.0,4.0,train,0.002188464937279554,66.1648586537974,0.7890234671993454
5.0,5.0,train,0.0024013827105805034,73.90713555358585,0.8186622312249554
8.0,8.0,train,0.0022871333782583775,69.52883289625579,0.8033170178353152
9.0,9.0,train,0.002504572417795713,77.91738718201965,0.8314903405743146
10.0,10.0,train,0.0029853378987551005,87.49108293552976,0.8802786853188718
11.0,11.0,train,0.0022190783876114496,67.26868295159893,0.7935660290378056
12.0,12.0,train,0.0038350946296347595,96.36093438027336,0.9345696758353254
14.0,14.0,train,0.0016844508277542266,47.60315510845864,0.698097777845065
15.0,15.0,train,0.0025079032237394334,78.16817073211136,0.831888936006411
17.0,17.0,train,0.003050098990083456,90.21110763167755,0.8856663145443652
6.0,6.0,test,0.0013253424646162844,35.41852207542235,0.6102790962299687
7.0,7.0,test,8.987282922682692E-4,22.753608898671786,0.47217993557386817
13.0,13.0,test,0.00184806165165368,52.194723166407044,0.7312517228576649
16.0,16.0,test,0.002410129475209359,74.23537018038898,0.8197864693461122
