X,Y,Test or train,Raw prediction,Cumulative prediction,Cloglog prediction
2.0,2.0,train,0.0011130191211473535,26.587321264102883,0.5382514961230551
3.0,3.0,train,0.002792017874995947,83.57063635867398,0.8560676713080377
4.0,4.0,train,0.002210679399747715,66.07233998841451,0.7845026418430804
5.0,5.0,train,0.0023956439373268895,72.6521909170214,0.8104726259957062
6.0,6.0,train,0.002673943485144859,80.55382132049901,0.8437716588740216
7.0,7.0,train,0.0013326576435227658,33.77718835086653,0.6035570619025259
8.0,8.0,train,0.003013591394146358,87.63182598342938,0.8765900699612648
9.0,9.0,train,0.0029728662867775477,86.73265721919888,0.8730509574131429
11.0,11.0,train,0.0022229010080695405,66.51716232211496,0.7863234198686959
12.0,12.0,train,0.0031030326834298127,89.78060023014505,0.8840202918818669
13.0,13.0,train,0.0037808490578212224,95.24508429284123,0.9275549596225052
15.0,15.0,train,0.0020064624334250954,58.777771599564254,0.751677029049373
16.0,16.0,train,0.002162329998465389,62.843155665187844,0.7771461555106036
17.0,17.0,train,0.002621095188872335,79.48931174551619,0.8379330361640518
1.0,1.0,test,3.446019418500898E-4,6.910384203387885,0.21277920414669427
10.0,10.0,test,0.0018964510827610337,54.35568161861682,0.7319676468173187
14.0,14.0,test,0.0022337983331097116,67.25973589038867,0.7879339279226831
