X,Y,Test or train,Raw prediction,Cumulative prediction,Cloglog prediction
1.0,1.0,train,0.002290815015818552,72.04066314076229,0.8026751145672787
4.0,4.0,train,8.565324460201829E-4,18.770071745223873,0.45490837558115504
6.0,6.0,train,0.001659494781236231,47.0038686539349,0.6913821751445071
7.0,7.0,train,0.0017860184240969389,53.79351827017666,0.7178413904867893
9.0,9.0,train,0.00185642675472289,56.81748810645303,0.7315702292054873
10.0,10.0,train,0.0018801701791565707,58.125764469658726,0.7360476644317708
11.0,11.0,train,0.001964058388170501,61.399575329858784,0.7512772499294452
12.0,12.0,train,0.00218610323440904,68.68434762255784,0.78748055448822
13.0,13.0,train,0.003482685625298422,95.52308509635674,0.9151840708770185
14.0,14.0,train,0.0025672641701659504,82.84418182062359,0.8377717901972228
15.0,15.0,train,0.0022755682524706103,71.35949599078914,0.8005321752794144
16.0,16.0,train,0.0024542883071918186,76.78925483211526,0.8242538533357382
17.0,17.0,train,0.002547540522110446,81.56411323298516,0.8354890625701707
2.0,2.0,test,4.952448024347323E-4,9.853585272253081,0.2959113155355405
3.0,3.0,test,0.0013299839427021577,33.50105873021185,0.6102357076198263
5.0,5.0,test,0.0012432919772471546,31.526917302190036,0.5855475768179004
8.0,8.0,test,0.0017093526309329193,50.06836986691395,0.7020926802079517
