X,Y,Test or train,Raw prediction,Cumulative prediction,Cloglog prediction
1.0,1.0,train,0.0011837542393143554,33.04128437364656,0.5963226841456817
2.0,2.0,train,0.001006531216877235,26.598339608437794,0.5376019431564086
3.0,3.0,train,0.0019984562478106843,66.26960271615833,0.7837813803434646
4.0,4.0,train,0.0010804291226768215,29.53327770731475,0.5630597900960161
5.0,5.0,train,0.001692595226963207,53.664253237547975,0.7266703144235873
6.0,6.0,train,0.002177517279389493,73.13921647759139,0.8115050466671482
7.0,7.0,train,0.0024037135341174235,80.0197017476965,0.8415036468473948
8.0,8.0,train,0.002316815888270162,77.18619604835739,0.8305897398754531
10.0,10.0,train,0.002393995895117449,79.53657835507498,0.8403189407930767
12.0,12.0,train,0.001961704010894774,64.68691590763903,0.77760520684592
13.0,13.0,train,0.0037825856550353166,98.3696893435952,0.9449044693500824
14.0,14.0,train,0.0023991445678180215,79.77682998258601,0.8409477294650316
16.0,16.0,train,0.0020465032764601107,68.29014904354389,0.7915976833445907
17.0,17.0,train,0.0024302289331836827,82.66894438530767,0.8446916967958944
9.0,9.0,test,0.0020318259841711835,67.82388306172172,0.7892404332841496
11.0,11.0,test,0.001779191045327305,56.836116494877494,0.7442198617622862
15.0,15.0,test,0.001806761367017807,57.27315520832866,0.7495672459591491
