X,Y,Test or train,Raw prediction,Cumulative prediction,Cloglog prediction
1.0,1.0,train,3.906132930869726E-4,62.01763396426325,0.7465294043821602
3.0,3.0,train,3.3416006194943057E-4,50.40952392656412,0.6909172878256373
4.0,4.0,train,5.549653949647188E-4,82.32145265138575,0.8577252804627591
5.0,5.0,train,8.835919162972941E-4,93.0180077219867,0.9551619634694719
6.0,6.0,train,7.274724063055846E-4,88.97212959104841,0.9223960956712596
8.0,8.0,train,0.001162997363310125,97.60080767143177,0.9832012735987311
9.0,9.0,train,5.822228909351075E-4,83.8899741670375,0.8707194945208432
2.0,2.0,test,1.0433745799051445E-4,11.409875128184334,0.30692223514102335
7.0,7.0,test,2.951750913241004E-4,42.422354032935004,0.6455414690023246
