X,Y,Test or train,Raw prediction,Cumulative prediction,Cloglog prediction
1.0,1.0,train,2.8096884747113004E-4,54.7276768069283,0.7302373391108222
2.0,2.0,train,2.4285058904027244E-4,46.0640040771016,0.6777603768517677
3.0,3.0,train,2.738211546537353E-4,52.993729136409684,0.7210943285283175
4.0,4.0,train,3.2775750393499234E-4,65.24338531516807,0.7831170355116708
6.0,6.0,train,2.8400480241726883E-4,55.48194398878194,0.7340295303081332
7.0,7.0,train,0.0016662236634413152,99.08600653281326,0.9995777559674728
8.0,8.0,train,9.584859398564703E-4,95.77925487442982,0.9885481910878986
9.0,9.0,train,0.001365615522512202,98.30396023559128,0.9982846403716253
5.0,5.0,test,3.441576034468666E-4,69.17664084932692,0.7990851876107918
