X,Y,Test or train,Raw prediction,Cumulative prediction,Cloglog prediction
2.0,2.0,train,8.793640082436332E-5,12.782780565372095,0.27494882541660626
4.0,4.0,train,5.405270552711385E-4,82.51244423565274,0.8614154747881929
5.0,5.0,train,3.838906932651709E-4,65.180931934268,0.7542845283493459
6.0,6.0,train,3.9224329755430153E-4,66.44021374520636,0.7616749595619613
7.0,7.0,train,0.004706743110636481,96.75771232136016,0.9999999664017777
8.0,8.0,train,0.0014278330578579728,92.89161142279836,0.9945950645804721
9.0,9.0,train,0.0040071578777336235,95.85218547267236,0.9999995663245397
1.0,1.0,test,1.2307390395084082E-4,20.571589622613093,0.3623608612145821
3.0,3.0,test,1.097209110271254E-4,17.401309271237864,0.330458119104868
