X,Y,Test or train,Raw prediction,Cumulative prediction,Cloglog prediction
1.0,1.0,train,4.1245249436592466E-4,81.12446068463885,0.8757684957171731
2.0,2.0,train,3.4001789634611833E-4,75.9293572249112,0.8208148203517304
3.0,3.0,train,3.9942786906688096E-4,80.27762262310887,0.8673111182178503
4.0,4.0,train,3.198589749722186E-4,73.57074006239911,0.8015860599398399
5.0,5.0,train,3.851993478839931E-4,79.53410063398753,0.857412601450003
7.0,7.0,train,1.9406893311274155E-4,40.61519289569725,0.6251875577991532
8.0,8.0,train,4.245172655247538E-4,81.76069448574955,0.8831209034097822
6.0,6.0,test,3.567306294370432E-4,77.55171868594596,0.8353354886520732
9.0,9.0,test,2.848470292501532E-4,67.2150527850806,0.7631571214756226
