X,Y,Test or train,Raw prediction,Cumulative prediction,Cloglog prediction
1.0,1.0,train,4.856839158720785E-4,77.09374438336042,0.8510380544778532
3.0,3.0,train,3.2637022235881466E-4,57.02880738203065,0.7218221299626794
4.0,4.0,train,4.270757521471694E-4,72.27338939992882,0.8125603337412771
5.0,5.0,train,5.723941156389416E-4,82.4567230019557,0.8939666000329125
6.0,6.0,train,4.925461044679878E-4,77.42200849337844,0.854992059522651
8.0,8.0,train,6.867122778820634E-4,88.53067863554013,0.9322663053265109
9.0,9.0,train,4.1361894635241086E-4,70.76228081733575,0.8024063250670652
2.0,2.0,test,1.4139786509356775E-4,20.28622414822993,0.425544728187249
7.0,7.0,test,2.3878285163559794E-4,39.25974839110387,0.607853181568327
