X,Y,Test or train,Raw prediction,Cumulative prediction,Cloglog prediction
1.0,1.0,train,4.91892913221458E-4,76.4256166488728,0.9050206514930581
2.0,2.0,train,4.885041927356991E-4,76.29482161605324,0.9034677464907044
3.0,3.0,train,4.669014210776825E-4,75.78046051452799,0.8929534809773871
4.0,4.0,train,5.066046445079195E-4,76.88122304127609,0.9114778999407553
5.0,5.0,train,2.697368098771383E-4,65.61251323858073,0.7249778154479608
7.0,7.0,train,1.4683196998799207E-4,35.263745935538005,0.5047570641085197
8.0,8.0,train,2.739714976314693E-4,66.02433595019565,0.7304954043897005
6.0,6.0,test,2.5809679729854097E-4,63.7995046839975,0.7092224877352047
9.0,9.0,test,2.0805176706352246E-4,53.035515162421476,0.630532279122199
