X,Y,Test or train,Raw prediction,Cumulative prediction,Cloglog prediction
1.0,1.0,train,3.780539612632376E-4,81.9553363647703,0.8643062017915284
2.0,2.0,train,3.813407019117751E-4,82.03964546285567,0.8666421410200187
3.0,3.0,train,3.574892853727422E-4,81.26017468769379,0.8487325847659433
5.0,5.0,train,2.768242250268687E-4,72.65951130685255,0.7683510478728633
6.0,6.0,train,2.5878521087962E-4,67.34568115397524,0.7451875589653425
7.0,7.0,train,2.772422258077598E-4,72.77644508967958,0.7688620577724408
9.0,9.0,train,3.1993474104520715E-4,78.74817446900222,0.8155350706563943
4.0,4.0,test,3.966979172059955E-4,82.61899423885237,0.8770349531943537
8.0,8.0,test,3.097630220202951E-4,77.81019678665132,0.8053507701855408
