X,Y,Test or train,Raw prediction,Cumulative prediction,Cloglog prediction
2.0,2.0,train,1.9313015949805616E-4,36.97201987747137,0.5831303801275638
4.0,4.0,train,2.2449796843803887E-4,43.85728977461852,0.6383558396460275
5.0,5.0,train,3.3576226679994626E-4,66.91026945617149,0.7815461832647213
6.0,6.0,train,2.725703780713976E-4,54.68329981692784,0.7091326547464443
7.0,7.0,train,0.0026642376348265896,99.02585248246157,0.9999942734974554
8.0,8.0,train,0.0010995354008460107,96.50343209571416,0.9931360822895856
9.0,9.0,train,0.0018864068906435764,97.8470873388836,0.9998057609473312
1.0,1.0,test,2.305450768244471E-4,45.195053850941676,0.6481291704823318
3.0,3.0,test,2.0553426314569054E-4,39.594826400839445,0.6059111621211328
