X,Y,Test or train,Raw prediction,Cumulative prediction,Cloglog prediction
1.0,1.0,train,3.8158860626382797E-4,74.7656246553424,0.8367620158054361
2.0,2.0,train,3.9443230884986426E-4,75.9135453669327,0.8464230773192989
3.0,3.0,train,3.660262199651422E-4,73.3875129806657,0.8242380528730064
4.0,4.0,train,4.041803168883534E-4,76.46552161752065,0.8533720359107049
6.0,6.0,train,2.1822559780635835E-4,47.50155850357525,0.6453314988680933
7.0,7.0,train,9.916649129236253E-4,93.65817250560885,0.9909989042006249
8.0,8.0,train,5.51755844204952E-4,82.29728752673493,0.9272583097899001
9.0,9.0,train,8.474175894563287E-4,92.24953975263631,0.9821407567799
5.0,5.0,test,2.5150881301368237E-4,56.09327703980877,0.6971952341715275
